user_id,url,date,text,num_comments,num_likes,is_video,video_view_count,is_top,other_tags
2656852680,https://www.instagram.com/p/B8AbomcHSME/,2020-02-01 02:01:22,Foto Cliente 😍😍👏🏻👏🏻 #caixaserikamelkot  #doces #docesgourmet #kitconfeiteiro #docesdecorados #doceria #ovogourmet #brigadeirodecolher #brigadeirosgourmet #brigadeiros #embalagem #embalagens #chocolate#confeitariabh  #pascoa2020 #chocolate #felizpascoa #pascoafeliz #ovodecolher #trufadechocolate #bombom #chocolate #ovotrufado #ovocaseiro #miniovos #embalagempascoa #pascoa #ovodechocate #miniovodepascoa#conetrufado,9,1026,False,,True,"caixaserikamelkot,doces,docesgourmet,kitconfeiteiro,docesdecorados,doceria,ovogourmet,brigadeirodecolher,brigadeirosgourmet,brigadeiros,embalagem,embalagens,chocolate,confeitariabh,pascoa2020,chocolate,felizpascoa,pascoafeliz,ovodecolher,trufadechocolate,bombom,chocolate,ovotrufado,ovocaseiro,miniovos,embalagempascoa,pascoa,ovodechocate,miniovodepascoa,conetrufado"
2656852680,https://www.instagram.com/p/B8Ac8CYHGrn/,2020-02-01 02:12:45,#caixaserikamelkot  #doces #docesgourmet #kitconfeiteiro #docesdecorados #doceria #ovogourmet #brigadeirodecolher #brigadeirosgourmet #brigadeiros #embalagem #embalagens #chocolate#confeitariabh  #pascoa2020 #chocolate #felizpascoa #pascoafeliz #ovodecolher #trufadechocolate #bombom #chocolate #ovotrufado #ovocaseiro #miniovos #embalagempascoa #pascoa #ovodechocate #miniovodepascoa#conetrufado,25,159,False,,True,"caixaserikamelkot,doces,docesgourmet,kitconfeiteiro,docesdecorados,doceria,ovogourmet,brigadeirodecolher,brigadeirosgourmet,brigadeiros,embalagem,embalagens,chocolate,confeitariabh,pascoa2020,chocolate,felizpascoa,pascoafeliz,ovodecolher,trufadechocolate,bombom,chocolate,ovotrufado,ovocaseiro,miniovos,embalagempascoa,pascoa,ovodechocate,miniovodepascoa,conetrufado"
5340123819,https://www.instagram.com/p/B7w7kukgMTn/,2020-01-26 01:32:37,"Estampas de páscoa já ✈️.
Capas 14,90 
Guardanapos R$ 15,90
#pascoa #mesapostapascoa #mesadecoradas #meseirasdeminas #meseirasdosuldeminas #meseirasdobrasil #meseirasoaranaenses #meseirasderecife #meseirasdesaopaulo #mesalindasempre #createsousplat",65,797,False,,True,"pascoa,mesapostapascoa,mesadecoradas,meseirasdeminas,meseirasdosuldeminas,meseirasdobrasil,meseirasoaranaenses,meseirasderecife,meseirasdesaopaulo,mesalindasempre,createsousplat"
50326278,https://www.instagram.com/p/B79ayyQniSf/,2020-01-30 21:56:18,Hoje foi dia de gravar receitas Puratos novas pro canal ! Logo o vídeo deste ovo estará disponível . @puratos.brasil @bwbembalagens @finelineoficial @espacosehr #rodneycaco #espacosehr #chocolate #pascoa #pascoa2020 #ovodepascoa,38,820,False,,True,"rodneycaco,espacosehr,chocolate,pascoa,pascoa2020,ovodepascoa"
654759007,https://www.instagram.com/p/B77Oc9Up092/,2020-01-30 01:29:59,"Que delicadeza essa guirlanda! .
.

#algodaodocelar #decoracao #mesaposta #meseirasdobrasil #guirlandas #amor #instadecor #artesanato #receberbem #recebercomamor #festas #pascoa #decoracaodepascoa #pascoa2020 #decoracaodeambientes #coelhodapascoa #decoracaovintage",44,643,False,,True,"algodaodocelar,decoracao,mesaposta,meseirasdobrasil,guirlandas,amor,instadecor,artesanato,receberbem,recebercomamor,festas,pascoa,decoracaodepascoa,pascoa2020,decoracaodeambientes,coelhodapascoa,decoracaovintage"
3103762381,https://www.instagram.com/p/B79aL_EhzcG/,2020-01-30 21:51:00,"Quem está em clima de Páscoa 🐰 levanta a mão? 🙋🏻‍♂️ Aqui no ateliê está a todo vapor! 😍⁣
Como é dia de #tbt vou postar pra vocês essa linda Família que faz parte da apostila Happy Family! ❤️ Nessa apostila você aprenderá a confeccionar essa e outras 3 lindas famílias, para decorar guirlandas, enfeites de quarto, móbiles, etc. ficam INCRÍVEIS ! 😃⁣
⁣
Acesse o link da minha loja na minha bio e aproveite! Veja também no story!⁣
⁣
 Venha aprender comigo e LUCRAR muitoooo! 😍😍😍 ⁣
⁣
Já fez essas belezinhas? Gostou?? Me diga aqui nos comentários! 👇🏻👇🏻👇🏻👇🏻⁣
⁣

#maternidade #feltro #felt #artesanato #feltrolove #feitoamao #feltromania #feltrosantafe #feltros #handmade #artesanatoemfeltro #feltrocomamor #arteemfeltro #feitocomamor #amofeltro #instafelt #feltroamao #feltroterapia #decoração #feltrolovers #pascoa #coelho #bunny",12,553,False,,True,"tbt,maternidade,feltro,felt,artesanato,feltrolove,feitoamao,feltromania,feltrosantafe,feltros,handmade,artesanatoemfeltro,feltrocomamor,arteemfeltro,feitocomamor,amofeltro,instafelt,feltroamao,feltroterapia,decoração,feltrolovers,pascoa,coelho,bunny"
400409617,https://www.instagram.com/p/B75x3BcnC6J/,2020-01-29 12:00:57,"A temida temperagem. Aquela que causa tremor, desespero, medo e outras sensações nada parecidas com a de um bombom derretendo no céu na boca!⠀⠀⠀⠀⠀⠀⠀⠀⠀
.⠀⠀⠀⠀⠀⠀⠀⠀⠀
Em nossa 3a. aula, que irá acontecer hoje, aqui mesmo, às 19h, eu vou desmistificar esse assunto e mostrar pra vocês 3 diferentes métodos de temperagem. Há vários métodos e o melhor é que aquele com o qual você se melhor se adapta, considerando praticidade, eficiência e resultado.⠀⠀⠀⠀⠀⠀⠀⠀⠀
.⠀⠀⠀⠀⠀⠀⠀⠀⠀
Me conta: qual o seu pior momento com a temperagem? Eu só conto o meu na aula! Espero vocês às 19h em ponto!⠀⠀⠀⠀⠀⠀⠀⠀⠀
.⠀⠀⠀⠀⠀⠀⠀⠀⠀
.⠀⠀⠀⠀⠀⠀⠀⠀⠀
. ⠀⠀⠀⠀⠀⠀⠀⠀⠀
#chocolate #pascoa #pascoachegando #ovosdepascoa #ovosdechocolate #cursodechocolate #doce #confeitaria #receitas #pastrychef #pastrylife #danitrolezi #bakemephotos",80,524,False,,True,"chocolate,pascoa,pascoachegando,ovosdepascoa,ovosdechocolate,cursodechocolate,doce,confeitaria,receitas,pastrychef,pastrylife,danitrolezi,bakemephotos"
5959851963,https://www.instagram.com/p/B7_HqI3jd0u/,2020-01-31 13:47:34,"O queridinho da Páscoa em “carne e osso” ou melhor dizendo “porcelana e ouro” hahaha 😂 Já iniciamos as encomendas de Páscoa no ateliê ❤️ Acesse o site www.merakiatelie8.com.br ou nos envie um whatsapp (19)99110-3542 e garanta o seu ✨ .
.
.
#pascoa #páscoa #pascoa2020 #coelhinho #coelho #peter #peterocoelho #meseiras #mesaposta #mesapostacomamor",71,1881,False,,True,"pascoa,páscoa,pascoa2020,coelhinho,coelho,peter,peterocoelho,meseiras,mesaposta,mesapostacomamor"
1466478234,https://www.instagram.com/p/B79cSbgn_jD/,2020-01-30 22:09:21,"O Sucesso foi tanto em 2019, que eles estão de volta em 2020!!
#tbt top ten! 🍳 🐰 🥕 🥚 
Quer garantir seus ovos fritos para uma Páscoa Fitness e divertida??
Encomendas pelo whatsapp 11964705625 ... 🍳 🥚 🍳 🥚 
#felizpascoa2020 #pascoa #ovosfritos #pascoacriativa #diversão #biscoitosdecorados #bolachasdecoradas #biscoitospersonalizados #byanacookies_oficial #byanacookies_creations #byanacookies #byanacookiescia #byanacookiesecia #decoratedcookie #cookiesdesigner #instacookies #sugarcookies #sugarcookiesofinstagram",15,278,False,,True,"tbt,felizpascoa2020,pascoa,ovosfritos,pascoacriativa,diversão,biscoitosdecorados,bolachasdecoradas,biscoitospersonalizados,byanacookies_oficial,byanacookies_creations,byanacookies,byanacookiescia,byanacookiesecia,decoratedcookie,cookiesdesigner,instacookies,sugarcookies,sugarcookiesofinstagram"
8960430741,https://www.instagram.com/p/B8G5TZSBSXM/,2020-02-03 14:16:03,"A Época mais deliciosa do ano está chegando 😱😍 Teremos muitas novidades por aqui!! Deixe nos comentários o que você gostaria de ver nessa páscoa 😉
-
-
-
-
-
-
#tatadoces #chocolatebranco #chocolate #pascoa2020 #ovodecolher #ovodepascoa #sicaochocolate #pascoa #chocolates #bombons",0,0,False,,False,"tatadoces,chocolatebranco,chocolate,pascoa2020,ovodecolher,ovodepascoa,sicaochocolate,pascoa,chocolates,bombons"
10963715169,https://www.instagram.com/p/B8G49XlB8zV/,2020-02-03 14:13:03,"Agenda de #PASCOA oficialmente aberta!
Garanta suas caixinhas Mini Confeiteiro personalizadas no tema que quiser!

E este ano teremos caixas para mais tamanhos de ovos também, aguarde as novidades! ⚠️ Preços especiais para quem fechar encomenda até dia 29/02! ⚠️ #pascoa #pascoa2020 #miniconfeiteiro #caixaminiconfeiteiro  #ovodecolher #ovodepascoadecolher #ovotrufado",0,0,False,,False,"PASCOA,pascoa,pascoa2020,miniconfeiteiro,caixaminiconfeiteiro,ovodecolher,ovodepascoadecolher,ovotrufado"
7370791976,https://www.instagram.com/p/B8G4irQlz9j/,2020-02-03 14:09:24,"#pascoa #pascoa2020 #coelhinha
#coelhosfofos #coelhos #conejos #conejitas #feltro #arteemfeltro #feltrocomamor #feltrosantafe #canelacafearteempano #canelacafe #caxiasdosulrs",0,0,False,,False,"pascoa,pascoa2020,coelhinha,coelhosfofos,coelhos,conejos,conejitas,feltro,arteemfeltro,feltrocomamor,feltrosantafe,canelacafearteempano,canelacafe,caxiasdosulrs"
29390866211,https://www.instagram.com/p/B8G4hbUDZcG/,2020-02-03 14:09:14,"#ovosgourmet #ovodecolher #recheados#clientefeliz #pascoa #chocolate #granulado #bombom#kitkat#brigadeiro #leiteninho #comamor #delicias 
@willianlima3807",0,0,False,,False,"ovosgourmet,ovodecolher,recheados,clientefeliz,pascoa,chocolate,granulado,bombom,kitkat,brigadeiro,leiteninho,comamor,delicias"
1417627908,https://www.instagram.com/p/B8G4fL9h6sL/,2020-02-03 14:08:56,"BOLO decorado com flores de açúcar. Amo o que faço. 
#wilton
#bwb
#mavalerio 
#sugararte
#amochocolate
#facaelucre
#instrutoralucimar
#maonamassa
#aquivocêaprendefazendo 
#pascoa
#docinhosfinos
#bolosdavovo
#decoraçãocomflores
#macarons
#lembrancacomestivel
#lucimarmarciliano 
@meninasdoacucar",0,1,False,,False,"wilton,bwb,mavalerio,sugararte,amochocolate,facaelucre,instrutoralucimar,maonamassa,aquivocêaprendefazendo,pascoa,docinhosfinos,bolosdavovo,decoraçãocomflores,macarons,lembrancacomestivel,lucimarmarciliano"
7370791976,https://www.instagram.com/p/B8G4coSl0Ai/,2020-02-03 14:08:35,"#pascoa #pascoa2020 #coelhinha
#coelhosfofos #coelhos #conejos #conejitas #feltro #arteemfeltro #feltrocomamor #feltrosantafe #canelacafearteempano #canelacafe #caxiasdosulrs",0,0,False,,False,"pascoa,pascoa2020,coelhinha,coelhosfofos,coelhos,conejos,conejitas,feltro,arteemfeltro,feltrocomamor,feltrosantafe,canelacafearteempano,canelacafe,caxiasdosulrs"
4859385437,https://www.instagram.com/p/B8G4YMYAFFw/,2020-02-03 14:07:58,"{Bom dia🌞}
Que tal ver como é feito nosso trabalho?😀
Mostrei os passos pra produzir essa linda coelhinha!🐰🐰
Arraste para o lado e conheça um pouco dos bastidores da @fofurinhas_em_feltro . ✂️✂️❤
E me diga aqui nos comentários se imaginava que fosse assim o passo a passo🥰🥰🥰
♡♡♡♡♡♡♡♡♡♡♡♡
Os moldes dela é gratuito cedidos pela Vânia Bueno da @algodao_docefeltros ❤
♡♡♡♡♡♡♡♡♡♡♡♡ #fofurinhas_em_feltro 
#feltro #felt #artesanato #feltrolove #feltros #handmade #artesanatoemfeltro#pascoa #feltro #pascoa2020 #felt #páscoa #artesanato  #feltrolove #feitoamao",0,1,False,,False,"fofurinhas_em_feltro,feltro,felt,artesanato,feltrolove,feltros,handmade,artesanatoemfeltro,pascoa,feltro,pascoa2020,felt,páscoa,artesanato,feltrolove,feitoamao"
29391584117,https://www.instagram.com/p/B8G4XiWHgaU/,2020-02-03 14:07:53,"Click no link da minha Bio e veja o Site do Curso de Ovos de Páscoa.
.
Clique👇🏻👇🏻👇🏻
@curso_ovosdepascoa_
.
.
.
#cestadepascoa
#chocolatier
#pascoa
#chocolate
#doceria
#ovosdepascoa
#chocolatebranco
#brigadeirotradicional
#doce
#ovodecolhergourmet
#masterconfeiteiro
#trufas
#brigadeiro
#felizpascoa
#pascoa2018
#ovos
#nutella
#bomdia
#bomdiamundo",1,7,False,,False,"cestadepascoa,chocolatier,pascoa,chocolate,doceria,ovosdepascoa,chocolatebranco,brigadeirotradicional,doce,ovodecolhergourmet,masterconfeiteiro,trufas,brigadeiro,felizpascoa,pascoa2018,ovos,nutella,bomdia,bomdiamundo"
7370791976,https://www.instagram.com/p/B8G4UVzFjjv/,2020-02-03 14:07:27,"Dada à largada de Páscoa 😍
.
.
#pascoa #pascoa2020 #coelhinha
#coelhosfofos #coelhos #conejos #conejitas #feltro #arteemfeltro #feltrocomamor #feltrosantafe #canelacafearteempano #canelacafe #caxiasdosulrs",0,1,False,,False,"pascoa,pascoa2020,coelhinha,coelhosfofos,coelhos,conejos,conejitas,feltro,arteemfeltro,feltrocomamor,feltrosantafe,canelacafearteempano,canelacafe,caxiasdosulrs"
4274377005,https://www.instagram.com/p/B8G4L0sDWfA/,2020-02-03 14:06:17,"🍃🐇🌾 “Coleção Sweet Easter” 🍭🍃 Argolas e Ovinhos no tom OFF WHITE. 🐇🍃. Edição LIMITADA !!! 😉🐇🌾.
.
#pascoabychrisshome #colecaopascoa #chrisshomeColeçãoPáscoa
#easter #pascoa #pgspascoa .
.
VAREJO : 🏷 30,00 cada porta guardanapo Ovinho.
🏷 16,00 cada Argola.
.
.
🛍 Vendas no ATACADO e VAREJO.
💳Aceitamos CARTÕES DE CRÉDITO (Varejo).
🎁Enviamos para todo o BRASIL e EXTERIOR .
👉🏼Mais Informações:.
📞 WhatsApp : (27) 9 9926 3877 ou pelo direct",2,4,False,,False,"pascoabychrisshome,colecaopascoa,chrisshomeColeçãoPáscoa,easter,pascoa,pgspascoa"
601158516,https://www.instagram.com/p/B8G4K8uHb3w/,2020-02-03 14:06:10,"Ovo de caramelo, nibs e café 
#pascoa #pascoa2020 #chocolate #cacaobarry #callebaut #chocolat #ovosdepascoa #ovostrufados #insta #instagood #instalike #instalove #instafood #instagram",0,5,False,,False,"pascoa,pascoa2020,chocolate,cacaobarry,callebaut,chocolat,ovosdepascoa,ovostrufados,insta,instagood,instalike,instalove,instafood,instagram"
29390866211,https://www.instagram.com/p/B8G4GOuDyUM/,2020-02-03 14:05:31,#ovosgourmet #leiteninho #brigadeiro #granulado #ovodecolher #delicias #clientefeliz #comamor #chocolate #pascoa,0,0,False,,False,"ovosgourmet,leiteninho,brigadeiro,granulado,ovodecolher,delicias,clientefeliz,comamor,chocolate,pascoa"
21696989794,https://www.instagram.com/p/B8G39CBge6n/,2020-02-03 14:04:16,"Arraste para o lado e confira algumas formas de Páscoa!!
.
.
#pascoa #distribuidora #chocolate",0,0,False,,False,"pascoa,distribuidora,chocolate"
29390866211,https://www.instagram.com/p/B8G38EXDjKN/,2020-02-03 14:04:08,#ovosgourmet #mousselimao #pascoa #nutella #limao #ovodecolher #chocolate #comamor,0,1,False,,False,"ovosgourmet,mousselimao,pascoa,nutella,limao,ovodecolher,chocolate,comamor"
19874793734,https://www.instagram.com/p/B8G36RRA_DG/,2020-02-03 14:03:53,"Joystick de chocolate 🍫 
Feito com chocolate ao leite garoto. Peso: 100 gramas 
Recheios: morango, coco e brigadeiro. 
12,00 cada com caixa presenteavel. Pra encomendas nos chame direct .
.
.
.
#pascoa #pscoa2020 #chocolate #ovodapascoa",0,1,False,,False,"pascoa,pscoa2020,chocolate,ovodapascoa"
28588871934,https://www.instagram.com/p/B8G3v4wFAPw/,2020-02-03 14:02:28,"Aproveite para aprender a fazer ovos da páscoa e lucrar muito esse ano, conquiste uma renda extra!!
Na compra do e-book você ainda ganha 4 bônus: - Receitas de Trufas insufladas
- Leite condensado caseiro
- Sobremesas para páscoa
- Receitas de bombons
Adquira já o seu material e comece suas vendas!!
Entre em contato pelo direct, deixe seu comentário ou acesse o link na bio!!
.
.
.
.
.
#chocolate #pascoa #ovodapascoa #frutas #maracuja #independenciafinanceira #rendaextra",0,2,False,,False,"chocolate,pascoa,ovodapascoa,frutas,maracuja,independenciafinanceira,rendaextra"
4080270835,https://www.instagram.com/p/B8G3vSGnfvT/,2020-02-03 14:02:23,"Loja parceira MKM Embalagens @mkmembalagens ,  está localizada na Rua Pinheiros, 179, Pq. Pinheiros em Hortolandia-SP. Produtos Flip Festas que você encontra na loja:
🍬 Forminhas para Cupcake e Mini Cupcake 🍬 Fundo rendado 🍬 Embalagem para doces 
A Flip Festas está presente o ano todo nas suas festas, eventos e datas comemorativas. 🐰
Agradecemos a parceria! 💖 .
.
.
#flipfestas #artigosparafestas #pascoa #mkmembalagens  #bomdia  #festas #016 #embalagensparadoces #eventos #candycup #confeitaria #confeitariaafetiva #doces #docesartesanais #docesartesanais #decoracao #suafestamaiscolorida",0,5,False,,False,"flipfestas,artigosparafestas,pascoa,mkmembalagens,bomdia,festas,016,embalagensparadoces,eventos,candycup,confeitaria,confeitariaafetiva,doces,docesartesanais,docesartesanais,decoracao,suafestamaiscolorida"
29390866211,https://www.instagram.com/p/B8G3sMnj76r/,2020-02-03 14:01:58,#ovosgourmet #ovodecolher #leiteninho #nutella#comamor#chocolate #pascoa,0,1,False,,False,"ovosgourmet,ovodecolher,leiteninho,nutella,comamor,chocolate,pascoa"
12722270693,https://www.instagram.com/p/B8G3iGBJTNh/,2020-02-03 14:00:35,"Vem modelagem nova com estampa novs por ai
#necessaire #pascoa #maternidade #sphamtex #lujinhadafrosina",0,0,False,,False,"necessaire,pascoa,maternidade,sphamtex,lujinhadafrosina"
5411747587,https://www.instagram.com/p/B8G3ZN6BUpr/,2020-02-03 13:59:23,"Aproveita que em 2020 não vai faltar feriado:

Sexta-feira Santa: 10 de Abril - Sexta-feira
Páscoa: 12 de Abril – Domingo
Tiradentes: 21 de Abril – Terça-feira
Dia do Trabalho: 1 de Maio – Sexta-feira
Corpus Christi: 11 de Junho – Quinta-feira
Independência: 7 de Setembro – Segunda-Feira
Nossa Senhora da Aparecida: 12 de Outubro – Segunda-feira
Finados: 2 de Novembro – Segunda-feira
Proclamação da República: 15 de Novembro – Domingo
Natal: 25 de Dezembro - Sexta-feira
.
.
.
#feriado #feriadao #saojoao #pascoa #natal #feriados #pousadanocapao #pousadanachapada #pousadadecharme #capao #chapada #chapadadiamantina #valedocapao #bahiabrasil #capaobahia #visiteocapao #nordestedobrasil #pousadavie #pousadaviedocapao #topdestinos #feriasnabahia #ecoturismo #pousadaecologica #ecoturismo #turismodeaventura #vamosparaocapao #dachapadadiamantina",0,2,False,,False,"feriado,feriadao,saojoao,pascoa,natal,feriados,pousadanocapao,pousadanachapada,pousadadecharme,capao,chapada,chapadadiamantina,valedocapao,bahiabrasil,capaobahia,visiteocapao,nordestedobrasil,pousadavie,pousadaviedocapao,topdestinos,feriasnabahia,ecoturismo,pousadaecologica,ecoturismo,turismodeaventura,vamosparaocapao,dachapadadiamantina"
29390866211,https://www.instagram.com/p/B8G3UW2jdIO/,2020-02-03 13:58:43,#ovosgourmet #pascoa #delicia #brigadeiro #morango#chocolate#comamor #clientefeliz,0,0,False,,False,"ovosgourmet,pascoa,delicia,brigadeiro,morango,chocolate,comamor,clientefeliz"
571120441,https://www.instagram.com/p/B8G3TrfjdVb/,2020-02-03 13:58:37,"Sua Páscoa mais doce! 🐇🐇 Faça sua encomenda!
#pascoa #pascoa2020  #pascoachegando #pascoafeliz #pascoaes",0,5,False,,False,"pascoa,pascoa2020,pascoachegando,pascoafeliz,pascoaes"
11306457832,https://www.instagram.com/p/B8G3Klopjj2/,2020-02-03 13:57:23,Por aqui os coelhos já estão chegando... #Chaveiro #coelhinho # Amigurumi #pascoa,0,3,False,,False,"Chaveiro,coelhinho,,pascoa"
29390866211,https://www.instagram.com/p/B8G3I_gjUoI/,2020-02-03 13:57:10,#ovosgourmet#brigadeiro#granulado#comamor#pascoa,0,1,False,,False,"ovosgourmet,brigadeiro,granulado,comamor,pascoa"
29390866211,https://www.instagram.com/p/B8G2_Rqj67u/,2020-02-03 13:55:50,#ovosgourmet#kitkat#sucesso#delicia#clientehappy#comamor#pascoa,0,0,False,,False,"ovosgourmet,kitkat,sucesso,delicia,clientehappy,comamor,pascoa"
1283605331,https://www.instagram.com/p/B8G28vtFoXR/,2020-02-03 13:55:29,"Olá confeiteiras topissimas. Venho comunicar a vocês, que mais uma vez estaremos pegando encomendas para fazer as cascas dos seus ovos de páscoa! Já pensou? Você que tem bastante pedidos, não precisar se preocupar em fazer as cascas dos ovos? Pegar prontinha aqui comigo, só rechear e vender? .
.
Se você tem interesse, marque já a sua data. A minha produção é limitada, e só aceitamos pedidos com até 10 dias de antecedência. .
.
🚫 Não fazermos entregas 🚫 Não enviamos pelo correio.
.
.
Contato: 13 997119272 ou 44 991729272",1,2,False,,False,
29390866211,https://www.instagram.com/p/B8G2w84DG8t/,2020-02-03 13:53:53,"Cliente FELIZ 🤩
com amor ❤️💜
@anaamarchiorato 
#encomendascomamor#ovosgourmet#clientehappy#delicias#pascoa#ovodecolher#comida#food#",0,0,False,,False,"encomendascomamor,ovosgourmet,clientehappy,delicias,pascoa,ovodecolher,comida,food,"
7963847757,https://www.instagram.com/p/B8G2utgBEZz/,2020-02-03 13:53:34,"Ansiosos para a época mais deliciosa do ano !!!! 🥰🥰
#pascoa2020 #pascoa #páscoa #chocolate 🐇🐰🥕🥰",0,0,False,,False,"pascoa2020,pascoa,páscoa,chocolate"
2983928358,https://www.instagram.com/p/B8G2rrwBuL7/,2020-02-03 13:53:10,"Adivinha quem ta vindo por ai! 🐇🐰
.
.
.
#pascoa #biscoitosdecorados #cookies #gengibre #artesanal #presente #biscoito",0,2,False,,False,"pascoa,biscoitosdecorados,cookies,gengibre,artesanal,presente,biscoito"
6958091445,https://www.instagram.com/p/B8G2miWh7HR/,2020-02-03 13:52:27,"E que tal um ovo para Osterbaum?? A cada ano que passa as decorações de Páscoa estão mais em alta 🐣💛
Ovos de 8 cm com 3 unidades no pacote, decorado com efeito digitalizado em ouro velho, botão e fita - Ref.: POPBR8 + cor 🐣💛 #wandahauck #brilhanatal #easter #pascoa  #eggs #happy #decoracao #decoration #easteregg #eastereggs #eastergarland #eggs #beauty #decor #decorpascoa #easterdecor #coelhinho #coelho #bunny #rustico #fitamimosa",0,5,False,,False,"wandahauck,brilhanatal,easter,pascoa,eggs,happy,decoracao,decoration,easteregg,eastereggs,eastergarland,eggs,beauty,decor,decorpascoa,easterdecor,coelhinho,coelho,bunny,rustico,fitamimosa"
7039313975,https://www.instagram.com/p/B8G2YKhFXgU/,2020-02-03 13:50:30,"#Repost @trezeciakarteemtecido
• • • • • •
Guaíba 🥨Que tal um chá ☕
Conjunto lindo para deixar aquele cantinho da cozinha mais especial ❤️
#tildamania #amor #amoremcadadetalhe❤ 
#detalhesqueencantam #decoracao #casa #minhacasa #lardocelar #cantinhoespecial #arte #artesanatocomamor #arteemtecido #deusnocomando  #pascoa #decoracaodepascoa",0,17,False,,False,"Repost,tildamania,amor,amoremcadadetalhe❤,detalhesqueencantam,decoracao,casa,minhacasa,lardocelar,cantinhoespecial,arte,artesanatocomamor,arteemtecido,deusnocomando,pascoa,decoracaodepascoa"
8035307586,https://www.instagram.com/p/B8G2Q1oAlc1/,2020-02-03 13:49:30,Eu amo tirar fotos ❤️🥰📸 #foto #fotonova #pascoa #vivaavida #sejafeliz #modelomirim #procurandoagencia #atormirim #procurandoemissora #sbt #globo #aparelhoortodontico #efeitosinstagram,0,3,False,,False,"foto,fotonova,pascoa,vivaavida,sejafeliz,modelomirim,procurandoagencia,atormirim,procurandoemissora,sbt,globo,aparelhoortodontico,efeitosinstagram"
1364201941,https://www.instagram.com/p/B8G1_zAJmpM/,2020-02-03 13:49:16,"Que tal aquele bolo de Cenoura? 🍫🤪👨🏽‍🍳
.
.
.
.
.
.
#doces #doceevida #amor #curitiba #videododia #challenge #desafio #complicado #carrot #ovodecolher #slicecake #cake #bolo #boloemfatias #ganache #meioamargo #confeitaria #confeiteiro #slice #brazil #brasil #musica #woah #lovecake #pascoa #patisserie #chocolate #bomboniere",0,14,True,29.0,False,"doces,doceevida,amor,curitiba,videododia,challenge,desafio,complicado,carrot,ovodecolher,slicecake,cake,bolo,boloemfatias,ganache,meioamargo,confeitaria,confeiteiro,slice,brazil,brasil,musica,woah,lovecake,pascoa,patisserie,chocolate,bomboniere"
7039313975,https://www.instagram.com/p/B8G2K2kF-hH/,2020-02-03 13:48:41,"#Repost @feltrosnanamartins
• • • • • •
Teresópolis, Brazil

Projeto novo de páscoa nasceu aqui ❤️🐰 @wecareabout
@tekbondartesanato
#feltroasantafe #tekbond #felt #feltrices #feltro #pascoa #coelhos #coelhoesdefeltro #blue #pink #forboys #forgirls #instafeltro #nanamartins #wecareabout #artesanato #artesmanuais #cute",0,13,False,,False,"Repost,feltroasantafe,tekbond,felt,feltrices,feltro,pascoa,coelhos,coelhoesdefeltro,blue,pink,forboys,forgirls,instafeltro,nanamartins,wecareabout,artesanato,artesmanuais,cute"
8035307586,https://www.instagram.com/p/B8G2KicAJ24/,2020-02-03 13:48:38,"Eu amei conhecer o parque da Monica , muito feliz ! ❤️🥰 @parquedamonica 
#foto #fotonova #pascoa #vivaavida #sejafeliz #modelomirim #procurandoagencia #atormirim #procurandoemissora #sbt #globo #aparelhoortodontico #efeitosinstagram",0,2,False,,False,"foto,fotonova,pascoa,vivaavida,sejafeliz,modelomirim,procurandoagencia,atormirim,procurandoemissora,sbt,globo,aparelhoortodontico,efeitosinstagram"
28597019202,https://www.instagram.com/p/B8G2EkYHWpr/,2020-02-03 13:47:49,"Além de ser uma das tradições mais deliciosas, a Páscoa é tempo de celebrar com as pessoas que amamos. Os ovos são símbolo de vitalidade, renascimento e indispensáveis nessa data – mas podem pesar no bolso. Cada vez mais caros em cada ano que passa, é hora de encontrar outras alternativas e apostar na criatividade!
Que tal dar um toque especial aos ovinhos? Além de economizar, ainda é possível garantir um dinheiro extra. Como tudo que é feito em casa (com carinho) é mais gostoso, preparamos algumas receitas para incrementar ovos de Páscoa e fazer o maior sucesso:
.
.
.
.
.
.
.
.
#pascoa #chocolate #like #ovodecolher #ovosdepascoa #sucesso #chegando #juntossomosmaisfortes #chocolate🍫 #show #agora #rendaextra",0,1,False,,False,"pascoa,chocolate,like,ovodecolher,ovosdepascoa,sucesso,chegando,juntossomosmaisfortes,chocolate🍫,show,agora,rendaextra"
8035307586,https://www.instagram.com/p/B8G2AcEA2zZ/,2020-02-03 13:47:15,Na minha cidade está um friozinho ❤️🥶 #foto #fotonova #pascoa #vivaavida #sejafeliz #modelomirim #procurandoagencia #atormirim #procurandoemissora #sbt #globo #aparelhoortodontico #efeitosinstagram,0,4,False,,False,"foto,fotonova,pascoa,vivaavida,sejafeliz,modelomirim,procurandoagencia,atormirim,procurandoemissora,sbt,globo,aparelhoortodontico,efeitosinstagram"
25709856418,https://www.instagram.com/p/B8G1_hzhKel/,2020-02-03 13:47:08,"Bombom Oreo especial, com recheio duplo! Que tal um doce especial como esse para iniciar bem a sua semana? A Maju Doces está aqui para te ajudar! Se você já AMA Oreo imagine esse delícia com muito brigadeiro cremoso... deu água na boca? Então vem que a gente te ajuda a matar essa vontade 💖",1,4,False,,False,
4120719700,https://www.instagram.com/p/B8G18PVFxLt/,2020-02-03 13:46:41,"Páscoa chegando. Adivinha o que vem por aí.
#pascoa #coelhinha #coelhos #artesanatocriativo #artesanato #feitoamao #artesãs #decoracao #decoracaodepascoa",0,2,False,,False,"pascoa,coelhinha,coelhos,artesanatocriativo,artesanato,feitoamao,artesãs,decoracao,decoracaodepascoa"
21678994243,https://www.instagram.com/p/B8G12NAjQtY/,2020-02-03 13:45:51,"Uma ótima semana meus Amores!!! (Lembrando que o link do curso gratuito de páscoa, está na ""bio"" do meu perfil)
.
.
.
.
#bolosdecorados #chantininho #pascoa",0,6,False,,False,"bolosdecorados,chantininho,pascoa"
8035307586,https://www.instagram.com/p/B8G1tcng66G/,2020-02-03 13:44:40,Sou linda como um flor e um beija flor ❤️🥰 #foto #fotonova #pascoa #vivaavida #sejafeliz #modelomirim #procurandoagencia #atormirim #procurandoemissora #sbt #globo #aparelhoortodontico #efeitosinstagram,0,3,False,,False,"foto,fotonova,pascoa,vivaavida,sejafeliz,modelomirim,procurandoagencia,atormirim,procurandoemissora,sbt,globo,aparelhoortodontico,efeitosinstagram"
12047927763,https://www.instagram.com/p/B8G1fDsnvnm/,2020-02-03 13:42:42,"Kit presenteavel bebê natureza!
O kit contém 06 itens
✅01 shampoo 240ml
✅01 condicionador 220ml
✅01 Sabonete líquido 240ml
✅01 Loção hidratante 240 ml
✅01 Toalha umdecisada 50uni
✅01 Sabonete em barra 80g
✅01 bolsa de mão
.
👉Venha Conhecer a nossa farmácia
💳Aceitamos Cartão 
Rua Clarinda Miliolli de Lucca 30 Mina do mato Criciúma
📞(48) 3468-4186 ou 📲 Whats (48) 99945-0756
Nosso Horário de atendimento seg a sexta das 08:00 as 12:00 e das 13:30 as 19:30 e Sábados das 08:00 as 12:00 e das 14:30 as 18:30
______________________________________________
#makeup #dicasdebeleza  #loucaspracomprar  #diadosnamorados #amor #brasil #primer #instablog #marcaamiga ...#maquiagem #makeup #make #beleza  #beleza#maquiagem #comestico #pascoa #universodamaquiagem #presentescriativos #maquiagemprofissional #loucaspormaquiagem #maquiadora #make #oficial  #love #moda #instamakeup #insta #makeuplover # #fashion #beleza #arraze #criciuma  #vemprafarmaciataufembach",3,4,False,,False,"makeup,dicasdebeleza,loucaspracomprar,diadosnamorados,amor,brasil,primer,instablog,marcaamiga,makeup,make,beleza,beleza,maquiagem,comestico,pascoa,universodamaquiagem,presentescriativos,maquiagemprofissional,loucaspormaquiagem,maquiadora,make,oficial,love,moda,instamakeup,insta,makeuplover,,fashion,beleza,arraze,criciuma,vemprafarmaciataufembach"
29568889910,https://www.instagram.com/p/B8G1PMznEmg/,2020-02-03 13:40:32,"Coração de Chocolate recheado
#pascoa 
#coração 
#chocolate 
#morango
#doces",0,0,False,,False,"pascoa,coração,chocolate,morango,doces"
8517987973,https://www.instagram.com/p/B8G1FEkHPLE/,2020-02-03 13:39:09,"DESCRIÇÃO: Workshop de Recheio de Ovo de Colher @angelita_doces

Carga Horária: 3h
Quarta: 12/02/2020
Horário: 18:00hrs às 21:00hrs
Público Alvo: Confeiteiras que queiram idéias para seus clientes e pessoas que queiram presentear as pessoas fazendo elas mesmas os ovos da páscoa.
Vagas limitadas
Inscrições na loja ou via depósito
Banco Itaú: AG 3804/ CC28899-5 MM2000 ALIMENTOS LTDA ME CNPJ 09413002000187
Banco BRADESCO: AG 6641/ CC1736-1 MM2000 ALIMENTOS LTDA ME CNPJ 09413002000187
Investimento: R$ 69,90 
Professora: Confeiteira Angelita (@angelita_doces)

CONTEÚDO PROGRAMÁTICO

No curso as alunas irão aprender 3 tipos de recheios:
 Ovo de colher: 
Torta de limão
Maracujá com Geléia ( Maior sensação técnica com decoração com Geléia)
Mousse de chocolate com algumas ideias de decoração.
Todos os ovos serão recheados e decorados e além da opção das embalagens e Páscoa, para que você saia do curso com seu cardápio pronto para os seua clientes.
CONHEÇA OS PRODUTOS DESENVOLVIDOS :
3 tipos de recheios Ovo de colher: 
1) Torta de limão
2) Maracujá com Geléia ( Maior sensação técnica com decoração com Geléia)
3) Mousse de chocolate com algumas opções de decoração. #pascoa #pascoa2020 #pascoabh #cursopascoa #cursppascoabh #pascoamm2020 #facaseuaovoa #facavoce #voceconsegue #bastaquerer #voce #ovodecolher #recehioovodecolher",0,0,False,,False,"pascoa,pascoa2020,pascoabh,cursopascoa,cursppascoabh,pascoamm2020,facaseuaovoa,facavoce,voceconsegue,bastaquerer,voce,ovodecolher,recehioovodecolher"
4910076483,https://www.instagram.com/p/B8G1ChnJxDh/,2020-02-03 13:38:48,Marca aquele/a @ que só vive de cabeça quente e que precisa relaxar comendo um chocolate maravilhoso! 🍫💜 #PedalAmor #Chocolate #Amor #FoodJampa #JampaFood #FoodBike #Doce #Pascoa,2,5,False,,False,"PedalAmor,Chocolate,Amor,FoodJampa,JampaFood,FoodBike,Doce,Pascoa"
28597019202,https://www.instagram.com/p/B8G1AGSHEry/,2020-02-03 13:38:28,"Preparamos pra você um curso incrível de Ovos de Páscoa, recheado de receitas, muitos métodos diferentes para trabalhar com o chocolate, acabamentos perfeitos, dicas e técnicas para você lucrar mais na época mais doce do ano 🍫🐰
.
.
.
.
.
.
.
#pascoa2020 #rendaextra #chocolate🍫 #pascoa #coelho #ovodecolher #ovodepascoa #ovodepáscoa #amo #juntossomosmaisfortes #likeforlikes #like4likes",1,7,False,,False,"pascoa2020,rendaextra,chocolate🍫,pascoa,coelho,ovodecolher,ovodepascoa,ovodepáscoa,amo,juntossomosmaisfortes,likeforlikes,like4likes"
24912494548,https://www.instagram.com/p/B8G036LnfGS/,2020-02-03 13:37:21,"🐰 A páscoa está chegando❗ E com ela uma nova e grande oportunidade para você ganhar dinheiro 💰 e criar uma renda extra: Os ovos de colher.🐇
.
📱 Tudo o que você precisa é de um celular, tablet ou computador, uma conexão com a internet e fazer o treinamento de onde quiser e de qualquer horário❗
.
🐇 No curso de OVOS DE PÁSCOA você irá aprender a trabalhar com CHOCOLATES NOBRES, fazer a temperagem perfeita para obter Ovos de Páscoa e chocolates perfeitos e brilhantes.
.
Aprenderá desde o ovo mais simples até o crocante, trufado, recheado e os campeões de venda, os deliciosos OVOS DE COLHER. Te ensinarei os Ovos de colher que mais vendem.
.
📱 Faça sua inscrição no curso ‘OVOS DE PÁSCOA’ 🐰 clicando no Link Azul que está na Bio do meu perfil do Instagram @chocolate.lucrativo para aprender todas as TÉCNICAS.
.
VOCÊ NÃO VAI SE ARREPENDER❗
.
Siga o perfil @chocolate.lucrativo
.
.
📷 Crédito da foto @trufalove.1 .
.
.
.
.
.
.
.
.
#pascoa #pascoa2020 #páscoa #pascoachegando #pascoafeliz #pascoa2019 #bolodepascoa #chocolate #vempascoa #pascoagourmet",4,16,False,,False,"pascoa,pascoa2020,páscoa,pascoachegando,pascoafeliz,pascoa2019,bolodepascoa,chocolate,vempascoa,pascoagourmet"
2152572411,https://www.instagram.com/p/B8G02MsgPeC/,2020-02-03 13:37:07,E lá vem ela se aproximando sem pressa... #pascoa #pascoa2020 #easter #decorpascoa #easterdecor #guirlandadepascoa #homedecor #atelievalentine #coelhodapascoa #easterbunny,0,5,False,,False,"pascoa,pascoa2020,easter,decorpascoa,easterdecor,guirlandadepascoa,homedecor,atelievalentine,coelhodapascoa,easterbunny"
8298074509,https://www.instagram.com/p/B8G0zKjhvYt/,2020-02-03 13:36:42,"Ola pessoal olha essas gostosuras que temos para vocês! 🍯😋 🍯
Aquele docinho mineiro maravilhoso,aqui voce encontra muita tradição,qualidade e um sabor que você vai amar!🍯❤🍯
Que tal uma sobremesa maravilhosa dessas agora na sua casa ?
🍯😋🍯
Peça agora mesmo no IFOOD e levamos ate você !
🍯😘🍯 (Link  para delivery no nosso perfil) 
@ddsdocesdeminas
.
.
.
.
.
.
.
.
.
#doces #chocolate #confeitaria #brigadeiro #pascoa #bolo #docesfinos #docesgourmet #docinhos #sobremesa  #docespersonalizados #doce #festa #doceria #brigadeirogourmet #docesdecorados #brownie #bolodepote  #cake #docesartesanais #gourmet #delicia #bolosdecorados #festainfantil #docedepote #docedeleite #Ambrosia #cocada #ifood",0,4,False,,False,"doces,chocolate,confeitaria,brigadeiro,pascoa,bolo,docesfinos,docesgourmet,docinhos,sobremesa,docespersonalizados,doce,festa,doceria,brigadeirogourmet,docesdecorados,brownie,bolodepote,cake,docesartesanais,gourmet,delicia,bolosdecorados,festainfantil,docedepote,docedeleite,Ambrosia,cocada,ifood"
1477377065,https://www.instagram.com/p/B8G0wkEFOKQ/,2020-02-03 13:36:21,"Fofura demais genteee!! 🥰
Olha só nossos ovinhos decorativos!! 😍
Ovo Decorativo P R$22,99
Ovo Decorativo M R$29,99
- Disponível em Salvador!!! 😍
alteração sem aviso prévio. ➖➖➖➖➖➖➖➖➖➖➖➖
✨Endereços Feira de Santana✨
📍Av. Senhor dos passos,1540-Centro 📞 - 75 3030-4470
📍Av.Senhor dos passos,1598-Centro
📞- 75 3223-9382
✨Endereços Salvador ✨
📍Rua do imperador,91 -Mares 📞 - 71 30425430
📍Rua do imperador, 58-Mares 📞 - 71 34125430 📍Av. Octávio mangabeira, 1211 Pituba 📞 - 71 30424930
*Não respondemos direct
#lojapontofestas#Tudoparasuafesta#Pascoa#pascoacandy#coelhodapascoa",0,22,False,,False,"lojapontofestas,Tudoparasuafesta,Pascoa,pascoacandy,coelhodapascoa"
2337075174,https://www.instagram.com/p/B8G0rUFB1GR/,2020-02-03 13:35:38,"Chegando àquela época do ano para lá de deliciosa😋😋
Em breve publicaremos o nosso menu de páscoa 😉 fica ligado 👀👀👀 #pascoa2020
#chocolate 
#ovosdepascoa 
#pascoa
#ovosdecolher",0,6,False,,False,"pascoa2020,chocolate,ovosdepascoa,pascoa,ovosdecolher"
3116221134,https://www.instagram.com/p/B8G0hiwHOQh/,2020-02-03 13:34:18,"Curso de Recheios para ovos de colher c/chef @rubensdocesgourmet com vários tipos de recheios no @espacosehr 
@rodney_caco #ovos #pascoa #colher #SEHR #rubens #recheios #fevereiro2020",0,0,False,,False,"ovos,pascoa,colher,SEHR,rubens,recheios,fevereiro2020"
5928119022,https://www.instagram.com/p/B8G0hQAn_2Z/,2020-02-03 13:34:16,"Olha essa delícia de ovo de Páscoa no pote 😋
Agora com chocolate branco
Folhado com morangos
Chocolate branco, brigadeiro branco, morangos, massa Folhada e muita ganache de chocolate branca
#docespascoa #pascoa2020 #docecoelho #docescoelhinho #chocolate #pascoa #pascoachegando #coelhodapascoa #docesdecorados #docespersonalizados #ovonopote #ovodepascoanopote #deliciasnopote",0,1,False,,False,"docespascoa,pascoa2020,docecoelho,docescoelhinho,chocolate,pascoa,pascoachegando,coelhodapascoa,docesdecorados,docespersonalizados,ovonopote,ovodepascoanopote,deliciasnopote"
1290461456,https://www.instagram.com/p/B8G0eX1HSxL/,2020-02-03 13:33:52,"Trio de ovos Páscoa 2020 
@giselecostacakedesigner
.
.
 #pascoa  #pascal  #pascoa2020 #ovodepascoadecolher #ovodepascoa #chocolate #coelinhodapascoa #confectionery  #chantininho #carlosbakerysp #redevida #tvmais #tvmaisabc 
#giselecosta  #tradicaodepascoa #giselebolos #giselebolosedoces #giselecostacakedesigner #cakedesigner #cakedesignerbrasil #cake #bwb #formasbwb #lovecake #confeitaria #nutella #ferreirorocher #redegospel #debemcomavida #bwbembalagens",0,2,False,,False,"pascoa,pascal,pascoa2020,ovodepascoadecolher,ovodepascoa,chocolate,coelinhodapascoa,confectionery,chantininho,carlosbakerysp,redevida,tvmais,tvmaisabc,giselecosta,tradicaodepascoa,giselebolos,giselebolosedoces,giselecostacakedesigner,cakedesigner,cakedesignerbrasil,cake,bwb,formasbwb,lovecake,confeitaria,nutella,ferreirorocher,redegospel,debemcomavida,bwbembalagens"
1290461456,https://www.instagram.com/p/B8G0aQ_nw5a/,2020-02-03 13:33:18,"Páscoa 2020 
@giselecostacakedesigner
.
.
 #pascoa  #pascal  #pascoa2020 #ovodepascoadecolher #ovodepascoa #chocolate #coelinhodapascoa #confectionery  #chantininho #carlosbakerysp #redevida #tvmais #tvmaisabc 
#giselecosta  #tradicaodepascoa #giselebolos #giselebolosedoces #giselecostacakedesigner #cakedesigner #cakedesignerbrasil #cake #bwb #formasbwb #lovecake #confeitaria #nutella #ferreirorocher #redegospel #debemcomavida #bwbembalagens",0,7,False,,False,"pascoa,pascal,pascoa2020,ovodepascoadecolher,ovodepascoa,chocolate,coelinhodapascoa,confectionery,chantininho,carlosbakerysp,redevida,tvmais,tvmaisabc,giselecosta,tradicaodepascoa,giselebolos,giselebolosedoces,giselecostacakedesigner,cakedesigner,cakedesignerbrasil,cake,bwb,formasbwb,lovecake,confeitaria,nutella,ferreirorocher,redegospel,debemcomavida,bwbembalagens"
1290461456,https://www.instagram.com/p/B8G0ZIWnOM3/,2020-02-03 13:33:09,"Páscoa 2020 
@giselecostacakedesigner
.
.
 #pascoa  #pascal  #pascoa2020 #ovodepascoadecolher #ovodepascoa #chocolate #coelinhodapascoa #confectionery  #chantininho #carlosbakerysp #redevida #tvmais #tvmaisabc 
#giselecosta  #tradicaodepascoa #giselebolos #giselebolosedoces #giselecostacakedesigner #cakedesigner #cakedesignerbrasil #cake #bwb #formasbwb #lovecake #confeitaria #nutella #ferreirorocher #redegospel #debemcomavida #bwbembalagens",0,3,False,,False,"pascoa,pascal,pascoa2020,ovodepascoadecolher,ovodepascoa,chocolate,coelinhodapascoa,confectionery,chantininho,carlosbakerysp,redevida,tvmais,tvmaisabc,giselecosta,tradicaodepascoa,giselebolos,giselebolosedoces,giselecostacakedesigner,cakedesigner,cakedesignerbrasil,cake,bwb,formasbwb,lovecake,confeitaria,nutella,ferreirorocher,redegospel,debemcomavida,bwbembalagens"
2606046207,https://www.instagram.com/p/B8G0W5PDSPg/,2020-02-03 13:32:51,"Encomenda pra uma cliente especial... Flores, folhas... Wet on wet, aerografafo... Tudo numa encomenda só!
Orçamentos por whats 27 99251 5834 (link na bio)
#bolachasdecoradas #027 #vix #easter #pascoa",0,12,False,,False,"bolachasdecoradas,027,vix,easter,pascoa"
8121355533,https://www.instagram.com/p/B8G0ThdJbyd/,2020-02-03 13:32:23,"Enfeite para Páscoa.

#coelho #amigurumi #amigurumibrasil #amigurumiWorld #amigurumitoy #mimo #mimoarteemcroche #croche #crochet #fofura #euquefiz #artesanato #artes #linha #pascoa #fofura",0,2,False,,False,"coelho,amigurumi,amigurumibrasil,amigurumiWorld,amigurumitoy,mimo,mimoarteemcroche,croche,crochet,fofura,euquefiz,artesanato,artes,linha,pascoa,fofura"
2606046207,https://www.instagram.com/p/B8G0OOWDCBM/,2020-02-03 13:31:40,"Encomenda pra uma cliente especial... Flores, folhas... Wet on wet, aerografafo... Tudo numa encomenda só!
Orçamentos por whats 27 99251 5834 (link na bio)
#bolachasdecoradas #027 #vix #easter #pascoa",2,12,False,,False,"bolachasdecoradas,027,vix,easter,pascoa"
29542268625,https://www.instagram.com/p/B8G0MFDhDA_/,2020-02-03 13:31:22,"Coelhinhos de meia de seda, mimos lindos para presentear na Páscoa. 🐰🐇 #pascoa #artesanato #meiadeseda #feitoamao",0,1,False,,False,"pascoa,artesanato,meiadeseda,feitoamao"
11090404683,https://www.instagram.com/p/B8G0MFrHxAH/,2020-02-03 13:31:22,"Páscoaaaa!! Kit Lapelas: $10,00
5unid + 5 saquinhos
lapelas: 5x10x1
saquinhos:8x10x1

Perfeitas para lembrancinhas!

#pascoa2020 #pascoa #docinhospascoa",0,2,False,,False,"pascoa2020,pascoa,docinhospascoa"
28837857609,https://www.instagram.com/p/B8G0KKBg0XF/,2020-02-03 13:31:06,"Embalagem para doces Flip muita praticidade para seu negócio .
#Repost @flipfestas
• • • • • •
Docepan @docepanrp é nossa loja Parceira que fica em Ribeirão Preto na rua Fernão Sales, 781 nos Campos Elísios.  Lá você encontra nossos produtos:
🎀 Forminhas para Cupcake 🎀 Fundo Rendado 🎀 Papel para balas 
A Docepan comercializa artigos para festas em geral. As embalagens Flip Festas perfeitas para sua Páscoa! 🐰 
Parceria de sucesso,  sempre!  Obrigada amigos e clientes 🎉💥
.
.
.
#flipfestas #artigosparafestas #docepan #pascoa  #parceria #sucesso  #festas #016 #embalagensparadoces #eventos #candycup #confeitaria #confeitariaafetiva #doces #docesartesanais #docesartesanais #decoracao #suafestamaiscolorida #bomdia",0,2,False,,False,"Repost,flipfestas,artigosparafestas,docepan,pascoa,parceria,sucesso,festas,016,embalagensparadoces,eventos,candycup,confeitaria,confeitariaafetiva,doces,docesartesanais,docesartesanais,decoracao,suafestamaiscolorida,bomdia"
1477377065,https://www.instagram.com/p/B8G0H0BFtdy/,2020-02-03 13:30:47,"E quem disse que as novidade para Páscoa acabou? Tem muita coisa aqui para vocês!!! 😍😍 Coelho Mdf Decorativo R$24,99 (cada)
- Disponível em Salvador!! 😍🥰
alteração sem aviso prévio. ➖➖➖➖➖➖➖➖➖➖➖➖
✨Endereços Feira de Santana✨
📍Av. Senhor dos passos,1540-Centro 📞 - 75 3030-4470
📍Av.Senhor dos passos,1598-Centro
📞- 75 3223-9382
✨Endereços Salvador ✨
📍Rua do imperador,91 -Mares 📞 - 71 30425430
📍Rua do imperador, 58-Mares 📞 - 71 34125430 📍Av. Octávio mangabeira, 1211 Pituba 📞 - 71 30424930
*Não respondemos direct
#lojapontofestas#Tudoparasuafesta#Pascoa#pascoacandy#coelhodapascoa",0,21,False,,False,"lojapontofestas,Tudoparasuafesta,Pascoa,pascoacandy,coelhodapascoa"
5928119022,https://www.instagram.com/p/B8G0DWQHWuB/,2020-02-03 13:30:11,"Olha que deliciaaaaaa
Ovo de Páscoa no pote 😱
Nele vai, chocolate ao leite picadinho, muita Nutella puraaa, brigadeiro de ninho e Kinder Bueno.
Consulte mais sabores 😍
#docespascoa #pascoa2020 #docecoelho #docescoelhinho #chocolate #pascoa #pascoachegando #coelhodapascoa #docesdecorados #docespersonalizados #ovonopote #ovodepascoanopote #deliciasnopote",0,8,False,,False,"docespascoa,pascoa2020,docecoelho,docescoelhinho,chocolate,pascoa,pascoachegando,coelhodapascoa,docesdecorados,docespersonalizados,ovonopote,ovodepascoanopote,deliciasnopote"
5928119022,https://www.instagram.com/p/B8Gzy8enYsZ/,2020-02-03 13:27:56,"E vai ter repeteco sim 💗💗
Ovos de colher, uma delícia 😋
Solicite sabores 😍
#docespascoa #pascoa2020 #docecoelho #docescoelhinho #chocolate #pascoa #pascoachegando #coelhodapascoa #docesdecorados #docespersonalizados #ovodecolher #ovodecolhergourmet #ovodepascoa #ovodepascoadecolher",0,3,False,,False,"docespascoa,pascoa2020,docecoelho,docescoelhinho,chocolate,pascoa,pascoachegando,coelhodapascoa,docesdecorados,docespersonalizados,ovodecolher,ovodecolhergourmet,ovodepascoa,ovodepascoadecolher"
8394462145,https://www.instagram.com/p/B8GzlgQBHYM/,2020-02-03 13:26:06,"postei duas pq atrasei na outra 
#foto #fotonova #pascoa #vivaavida #sejafeliz #modelomirim #procurandoagencia #atormirim #procurandoemissora #sbt #globo #aparelhoortodontico #efeitosinstagram",0,2,False,,False,"foto,fotonova,pascoa,vivaavida,sejafeliz,modelomirim,procurandoagencia,atormirim,procurandoemissora,sbt,globo,aparelhoortodontico,efeitosinstagram"
11090404683,https://www.instagram.com/p/B8GzjRHHuYM/,2020-02-03 13:25:48,"Páscoaaaa!!
Pré-venda: 8%desc. (val.07/2/2020)
Caixa e frigideira ovos fritos (trufas).
www.elo7.com.br/brilhodasfadaspersonalizados/colecao/pascoa

#caixaovofritodechocolate #frigideiraovofritodechocolate
#caixasparaovosdepascoa
#pascoa2020 
#pascoa",1,5,False,,False,"caixaovofritodechocolate,frigideiraovofritodechocolate,caixasparaovosdepascoa,pascoa2020,pascoa"
1827226302,https://www.instagram.com/p/B8GyOLXno1Y/,2020-02-03 13:14:11,"Na próxima quarta-feira teremos um CURSO muito legal, nele você aprenderá a fazer OVOS de PÁSCOA COM CASCA DE BROWNIE E OVOS LAQUEADOS.
Patrocínio: @_mavalerio .
Professora: @chefalinenunes .
📆 05/02- Quarta-feira.
⏱ 14hrs 
Inscrição: R$ 20,00
.
Para maiores informações:
gerencia@lojasaomiguelarcanjo.com.br
Tel: (19)3524-0038
‪WhatsApp: (19) 99761-2181‬",3,2,False,,False,
8121355533,https://www.instagram.com/p/B8CmwkFJ2-3/,2020-02-01 22:17:03,"...Chocolate

#coelho #amigurumi #amigurumibrasil #amigurumiWorld #amigurumitoy #mimo #mimoarteemcroche #croche #crochet #fofura #euquefiz #artesanato #artes #linha #pascoa #fofura #chocolate",2,21,False,,False,"coelho,amigurumi,amigurumibrasil,amigurumiWorld,amigurumitoy,mimo,mimoarteemcroche,croche,crochet,fofura,euquefiz,artesanato,artes,linha,pascoa,fofura,chocolate"
8121355533,https://www.instagram.com/p/B8CmrkNJTLa/,2020-02-01 22:16:22,Coelhinha.... #coelha #amigurumi #amigurumibrasil #amigurumiWorld #amigurumitoy #mimo #mimoarteemcroche #croche #crochet #fofura #euquefiz #artesanato #artes #linha #pascoa #fofura #chocolate,0,15,False,,False,"coelha,amigurumi,amigurumibrasil,amigurumiWorld,amigurumitoy,mimo,mimoarteemcroche,croche,crochet,fofura,euquefiz,artesanato,artes,linha,pascoa,fofura,chocolate"
8035307586,https://www.instagram.com/p/BvccjD3AxMZ/,2019-03-25 20:19:58,Linda ❤️ #foto #fotonova #pascoa #vivaavida #sejafeliz #modelomirim #procurandoagencia #atormirim #procurandoemissora #sbt #globo #aparelhoortodontico #efeitosinstagram,1,11,False,,False,"foto,fotonova,pascoa,vivaavida,sejafeliz,modelomirim,procurandoagencia,atormirim,procurandoemissora,sbt,globo,aparelhoortodontico,efeitosinstagram"
8035307586,https://www.instagram.com/p/BkJZbl0BqPV/,2018-06-18 01:01:49,"Neném mais linda da mamãe
#foto #fotonova #pascoa #vivaavida #sejafeliz #modelomirim #procurandoagencia #atormirim #procurandoemissora #sbt #globo #aparelhoortodontico #efeitosinstagram",0,7,False,,False,"foto,fotonova,pascoa,vivaavida,sejafeliz,modelomirim,procurandoagencia,atormirim,procurandoemissora,sbt,globo,aparelhoortodontico,efeitosinstagram"
